match,home_team,away_team,market_name,player_name,player_team,line,over_price,under_price,agency,opposition_team,class_external_id,competition_external_id,event_external_id,market_id,player_id,player_id_unders
Illawarra Hawks v Brisbane Bullets,Illawarra Hawks,Brisbane Bullets,Player Points,Quentin Peterson,NA,9.5,1.11,NA,Sportsbet,NA,146,10605,14878364,544856261,2596082322,NA
Illawarra Hawks v Brisbane Bullets,Illawarra Hawks,Brisbane Bullets,Player Points,Tyler Harvey,Illawarra Hawks,9.5,1.1,NA,Sportsbet,Brisbane Bullets,146,10605,14878364,544856261,2596082323,NA
Illawarra Hawks v Brisbane Bullets,Illawarra Hawks,Brisbane Bullets,Player Points,William Hickey,Illawarra Hawks,9.5,1.09,NA,Sportsbet,Brisbane Bullets,146,10605,14878364,544856261,2596082325,NA
Illawarra Hawks v Brisbane Bullets,Illawarra Hawks,Brisbane Bullets,Player Points,Mason Peatling,Illawarra Hawks,9.5,3.6,NA,Sportsbet,Brisbane Bullets,146,10605,14878364,544856261,2596082326,NA
Illawarra Hawks v Brisbane Bullets,Illawarra Hawks,Brisbane Bullets,Player Points,Wani Swaka Lo Buluk,Illawarra Hawks,9.5,3.2,NA,Sportsbet,Brisbane Bullets,146,10605,14878364,544856261,2596082324,NA
Illawarra Hawks v Brisbane Bullets,Illawarra Hawks,Brisbane Bullets,Player Points,Dakota Mathias,Brisbane Bullets,9.5,1.54,NA,Sportsbet,Illawarra Hawks,146,10605,14878364,544856261,2596082317,NA
Illawarra Hawks v Brisbane Bullets,Illawarra Hawks,Brisbane Bullets,Player Points,Javon Freeman-Liberty,NA,9.5,1.06,NA,Sportsbet,NA,146,10605,14878364,544856261,2598477375,NA
Illawarra Hawks v Brisbane Bullets,Illawarra Hawks,Brisbane Bullets,Player Points,Terry Taylor,NA,9.5,1.45,NA,Sportsbet,NA,146,10605,14878364,544856261,2596082319,NA
Illawarra Hawks v Brisbane Bullets,Illawarra Hawks,Brisbane Bullets,Player Points,Tyrell Harrison,Brisbane Bullets,9.5,1.11,NA,Sportsbet,Illawarra Hawks,146,10605,14878364,544856261,2596082320,NA
Illawarra Hawks v Brisbane Bullets,Illawarra Hawks,Brisbane Bullets,Player Points,Alex Ducas,Brisbane Bullets,9.5,2.02,NA,Sportsbet,Illawarra Hawks,146,10605,14878364,544856261,2596082316,NA
Illawarra Hawks v Brisbane Bullets,Illawarra Hawks,Brisbane Bullets,Player Points,Mitchell Norton,Brisbane Bullets,9.5,3.25,NA,Sportsbet,Illawarra Hawks,146,10605,14878364,544856261,2596082318,NA
Illawarra Hawks v Brisbane Bullets,Illawarra Hawks,Brisbane Bullets,Player Points,Javale McGee,NA,24.5,2.5,NA,Sportsbet,NA,146,10605,14878364,544856264,2596082354,NA
Illawarra Hawks v Brisbane Bullets,Illawarra Hawks,Brisbane Bullets,Player Points,Quentin Peterson,NA,24.5,6.25,NA,Sportsbet,NA,146,10605,14878364,544856264,2596082355,NA
Illawarra Hawks v Brisbane Bullets,Illawarra Hawks,Brisbane Bullets,Player Points,Tyler Harvey,Illawarra Hawks,24.5,6.75,NA,Sportsbet,Brisbane Bullets,146,10605,14878364,544856264,2596082356,NA
Illawarra Hawks v Brisbane Bullets,Illawarra Hawks,Brisbane Bullets,Player Points,William Hickey,Illawarra Hawks,24.5,7.5,NA,Sportsbet,Brisbane Bullets,146,10605,14878364,544856264,2596082358,NA
Illawarra Hawks v Brisbane Bullets,Illawarra Hawks,Brisbane Bullets,Player Points,Javon Freeman-Liberty,NA,24.5,4.9,NA,Sportsbet,NA,146,10605,14878364,544856264,2598477378,NA
Illawarra Hawks v Brisbane Bullets,Illawarra Hawks,Brisbane Bullets,Player Points,Tyrell Harrison,Brisbane Bullets,24.5,7.25,NA,Sportsbet,Illawarra Hawks,146,10605,14878364,544856264,2596082353,NA
Illawarra Hawks v Brisbane Bullets,Illawarra Hawks,Brisbane Bullets,Player Points,Javale McGee,NA,19.5,1.52,NA,Sportsbet,NA,146,10605,14878364,544856263,2596082343,NA
Illawarra Hawks v Brisbane Bullets,Illawarra Hawks,Brisbane Bullets,Player Points,Quentin Peterson,NA,19.5,2.85,NA,Sportsbet,NA,146,10605,14878364,544856263,2596082344,NA
Illawarra Hawks v Brisbane Bullets,Illawarra Hawks,Brisbane Bullets,Player Points,Tyler Harvey,Illawarra Hawks,19.5,2.9,NA,Sportsbet,Brisbane Bullets,146,10605,14878364,544856263,2596082345,NA
Illawarra Hawks v Brisbane Bullets,Illawarra Hawks,Brisbane Bullets,Player Points,William Hickey,Illawarra Hawks,19.5,3.1,NA,Sportsbet,Brisbane Bullets,146,10605,14878364,544856263,2596082347,NA
Illawarra Hawks v Brisbane Bullets,Illawarra Hawks,Brisbane Bullets,Player Points,Javon Freeman-Liberty,NA,19.5,2.3,NA,Sportsbet,NA,146,10605,14878364,544856263,2598477377,NA
Illawarra Hawks v Brisbane Bullets,Illawarra Hawks,Brisbane Bullets,Player Points,Tyrell Harrison,Brisbane Bullets,19.5,3,NA,Sportsbet,Illawarra Hawks,146,10605,14878364,544856263,2596082342,NA
Illawarra Hawks v Brisbane Bullets,Illawarra Hawks,Brisbane Bullets,Player Points,Dakota Mathias,Brisbane Bullets,19.5,7.25,NA,Sportsbet,Illawarra Hawks,146,10605,14878364,544856263,2596082339,NA
Illawarra Hawks v Brisbane Bullets,Illawarra Hawks,Brisbane Bullets,Player Points,Terry Taylor,NA,19.5,7.5,NA,Sportsbet,NA,146,10605,14878364,544856263,2596082341,NA
Illawarra Hawks v Brisbane Bullets,Illawarra Hawks,Brisbane Bullets,Player Points,Javale McGee,NA,34.5,11.5,NA,Sportsbet,NA,146,10605,14878364,544856267,2596082376,NA
Illawarra Hawks v Brisbane Bullets,Illawarra Hawks,Brisbane Bullets,Player Points,Javale McGee,NA,14.5,1.12,NA,Sportsbet,NA,146,10605,14878364,544856262,2596082332,NA
Illawarra Hawks v Brisbane Bullets,Illawarra Hawks,Brisbane Bullets,Player Points,Quentin Peterson,NA,14.5,1.58,NA,Sportsbet,NA,146,10605,14878364,544856262,2596082333,NA
Illawarra Hawks v Brisbane Bullets,Illawarra Hawks,Brisbane Bullets,Player Points,Tyler Harvey,Illawarra Hawks,14.5,1.56,NA,Sportsbet,Brisbane Bullets,146,10605,14878364,544856262,2596082334,NA
Illawarra Hawks v Brisbane Bullets,Illawarra Hawks,Brisbane Bullets,Player Points,William Hickey,Illawarra Hawks,14.5,1.59,NA,Sportsbet,Brisbane Bullets,146,10605,14878364,544856262,2596082336,NA
Illawarra Hawks v Brisbane Bullets,Illawarra Hawks,Brisbane Bullets,Player Points,Javon Freeman-Liberty,NA,14.5,1.38,NA,Sportsbet,NA,146,10605,14878364,544856262,2598477376,NA
Illawarra Hawks v Brisbane Bullets,Illawarra Hawks,Brisbane Bullets,Player Points,Tyrell Harrison,Brisbane Bullets,14.5,1.62,NA,Sportsbet,Illawarra Hawks,146,10605,14878364,544856262,2596082331,NA
Illawarra Hawks v Brisbane Bullets,Illawarra Hawks,Brisbane Bullets,Player Points,Terry Taylor,NA,14.5,2.9,NA,Sportsbet,NA,146,10605,14878364,544856262,2596082330,NA
Illawarra Hawks v Brisbane Bullets,Illawarra Hawks,Brisbane Bullets,Player Points,Dakota Mathias,Brisbane Bullets,14.5,3,NA,Sportsbet,Illawarra Hawks,146,10605,14878364,544856262,2596082328,NA
Illawarra Hawks v Brisbane Bullets,Illawarra Hawks,Brisbane Bullets,Player Points,Alex Ducas,Brisbane Bullets,14.5,5.25,NA,Sportsbet,Illawarra Hawks,146,10605,14878364,544856262,2596082327,NA
Illawarra Hawks v Brisbane Bullets,Illawarra Hawks,Brisbane Bullets,Player Points,Javale McGee,NA,29.5,5.1,NA,Sportsbet,NA,146,10605,14878364,544856266,2596082365,NA
Illawarra Hawks v Brisbane Bullets,Illawarra Hawks,Brisbane Bullets,Player Points,Javon Freeman-Liberty,NA,29.5,13,NA,Sportsbet,NA,146,10605,14878364,544856266,2598477379,NA
Illawarra Hawks v Brisbane Bullets,Illawarra Hawks,Brisbane Bullets,Player Points,Mason Peatling,Illawarra Hawks,4.5,1.36,NA,Sportsbet,Brisbane Bullets,146,10605,14878364,544856260,2596082315,NA
Illawarra Hawks v Brisbane Bullets,Illawarra Hawks,Brisbane Bullets,Player Points,Wani Swaka Lo Buluk,Illawarra Hawks,4.5,1.3,NA,Sportsbet,Brisbane Bullets,146,10605,14878364,544856260,2596082313,NA
Illawarra Hawks v Brisbane Bullets,Illawarra Hawks,Brisbane Bullets,Player Points,Alex Ducas,Brisbane Bullets,4.5,1.12,NA,Sportsbet,Illawarra Hawks,146,10605,14878364,544856260,2596082305,NA
Illawarra Hawks v Brisbane Bullets,Illawarra Hawks,Brisbane Bullets,Player Points,Dakota Mathias,Brisbane Bullets,4.5,1.06,NA,Sportsbet,Illawarra Hawks,146,10605,14878364,544856260,2596082306,NA
Illawarra Hawks v Brisbane Bullets,Illawarra Hawks,Brisbane Bullets,Player Points,Mitchell Norton,Brisbane Bullets,4.5,1.3,NA,Sportsbet,Illawarra Hawks,146,10605,14878364,544856260,2596082307,NA
Illawarra Hawks v Brisbane Bullets,Illawarra Hawks,Brisbane Bullets,Player Points,Terry Taylor,NA,4.5,1.04,NA,Sportsbet,NA,146,10605,14878364,544856260,2596082308,NA
Adelaide 36ers v Melbourne United,Adelaide 36ers,Melbourne United,Player Points,Bryce Cotton,Adelaide 36ers,39.5,11,NA,Sportsbet,Melbourne United,146,10605,14878365,545017122,2596905634,NA
Adelaide 36ers v Melbourne United,Adelaide 36ers,Melbourne United,Player Points,Dejan Vasiljevic,Adelaide 36ers,9.5,1.95,NA,Sportsbet,Melbourne United,146,10605,14878365,545017116,2596905563,NA
Adelaide 36ers v Melbourne United,Adelaide 36ers,Melbourne United,Player Points,Isaac Humphries,Adelaide 36ers,9.5,1.08,NA,Sportsbet,Melbourne United,146,10605,14878365,545017116,2596905565,NA
Adelaide 36ers v Melbourne United,Adelaide 36ers,Melbourne United,Player Points,Zylan Cheatham,Adelaide 36ers,9.5,1.12,NA,Sportsbet,Melbourne United,146,10605,14878365,545017116,2596905567,NA
Adelaide 36ers v Melbourne United,Adelaide 36ers,Melbourne United,Player Points,Flynn Cameron,Adelaide 36ers,9.5,2.15,NA,Sportsbet,Melbourne United,146,10605,14878365,545017116,2596905564,NA
Adelaide 36ers v Melbourne United,Adelaide 36ers,Melbourne United,Player Points,Troy Brown Jr,NA,9.5,3.2,NA,Sportsbet,NA,146,10605,14878365,545017116,2596905566,NA
Adelaide 36ers v Melbourne United,Adelaide 36ers,Melbourne United,Player Points,Chris Goulding,Melbourne United,9.5,1.28,NA,Sportsbet,Adelaide 36ers,146,10605,14878365,545017116,2596905556,NA
Adelaide 36ers v Melbourne United,Adelaide 36ers,Melbourne United,Player Points,Finn Delany,Melbourne United,9.5,1.49,NA,Sportsbet,Adelaide 36ers,146,10605,14878365,545017116,2596905557,NA
Adelaide 36ers v Melbourne United,Adelaide 36ers,Melbourne United,Player Points,Jesse Edwards,Melbourne United,9.5,1.43,NA,Sportsbet,Adelaide 36ers,146,10605,14878365,545017116,2596905558,NA
Adelaide 36ers v Melbourne United,Adelaide 36ers,Melbourne United,Player Points,Milton Doyle,Melbourne United,9.5,1.1,NA,Sportsbet,Adelaide 36ers,146,10605,14878365,545017116,2596905559,NA
Adelaide 36ers v Melbourne United,Adelaide 36ers,Melbourne United,Player Points,Tyson Walker,Melbourne United,9.5,1.25,NA,Sportsbet,Adelaide 36ers,146,10605,14878365,545017116,2596905560,NA
Adelaide 36ers v Melbourne United,Adelaide 36ers,Melbourne United,Player Points,Tanner Krebs,Melbourne United,9.5,2.3,NA,Sportsbet,Adelaide 36ers,146,10605,14878365,545017116,2596905561,NA
Adelaide 36ers v Melbourne United,Adelaide 36ers,Melbourne United,Player Points,Bryce Cotton,Adelaide 36ers,24.5,1.57,NA,Sportsbet,Melbourne United,146,10605,14878365,545017119,2596905598,NA
Adelaide 36ers v Melbourne United,Adelaide 36ers,Melbourne United,Player Points,Isaac Humphries,Adelaide 36ers,24.5,5.75,NA,Sportsbet,Melbourne United,146,10605,14878365,545017119,2596905601,NA
Adelaide 36ers v Melbourne United,Adelaide 36ers,Melbourne United,Player Points,Zylan Cheatham,Adelaide 36ers,24.5,8,NA,Sportsbet,Melbourne United,146,10605,14878365,545017119,2596905603,NA
Adelaide 36ers v Melbourne United,Adelaide 36ers,Melbourne United,Player Points,Milton Doyle,Melbourne United,24.5,5.5,NA,Sportsbet,Adelaide 36ers,146,10605,14878365,545017119,2596905595,NA
Adelaide 36ers v Melbourne United,Adelaide 36ers,Melbourne United,Player Points,Chris Goulding,Melbourne United,24.5,9.5,NA,Sportsbet,Adelaide 36ers,146,10605,14878365,545017119,2596905592,NA
Adelaide 36ers v Melbourne United,Adelaide 36ers,Melbourne United,Player Points,Tyson Walker,Melbourne United,24.5,12,NA,Sportsbet,Adelaide 36ers,146,10605,14878365,545017119,2596905596,NA
Adelaide 36ers v Melbourne United,Adelaide 36ers,Melbourne United,Player Points,Bryce Cotton,Adelaide 36ers,29.5,2.5,NA,Sportsbet,Melbourne United,146,10605,14878365,545017120,2596905610,NA
Adelaide 36ers v Melbourne United,Adelaide 36ers,Melbourne United,Player Points,Milton Doyle,Melbourne United,29.5,12.5,NA,Sportsbet,Adelaide 36ers,146,10605,14878365,545017120,2596905607,NA
Adelaide 36ers v Melbourne United,Adelaide 36ers,Melbourne United,Player Points,Bryce Cotton,Adelaide 36ers,19.5,1.15,NA,Sportsbet,Melbourne United,146,10605,14878365,545017118,2596905586,NA
Adelaide 36ers v Melbourne United,Adelaide 36ers,Melbourne United,Player Points,Isaac Humphries,Adelaide 36ers,19.5,2.6,NA,Sportsbet,Melbourne United,146,10605,14878365,545017118,2596905589,NA
Adelaide 36ers v Melbourne United,Adelaide 36ers,Melbourne United,Player Points,Zylan Cheatham,Adelaide 36ers,19.5,3.3,NA,Sportsbet,Melbourne United,146,10605,14878365,545017118,2596905591,NA
Adelaide 36ers v Melbourne United,Adelaide 36ers,Melbourne United,Player Points,Dejan Vasiljevic,Adelaide 36ers,19.5,11.5,NA,Sportsbet,Melbourne United,146,10605,14878365,545017118,2596905587,NA
Adelaide 36ers v Melbourne United,Adelaide 36ers,Melbourne United,Player Points,Milton Doyle,Melbourne United,19.5,2.65,NA,Sportsbet,Adelaide 36ers,146,10605,14878365,545017118,2596905583,NA
Adelaide 36ers v Melbourne United,Adelaide 36ers,Melbourne United,Player Points,Chris Goulding,Melbourne United,19.5,4.2,NA,Sportsbet,Adelaide 36ers,146,10605,14878365,545017118,2596905580,NA
Adelaide 36ers v Melbourne United,Adelaide 36ers,Melbourne United,Player Points,Tyson Walker,Melbourne United,19.5,4.6,NA,Sportsbet,Adelaide 36ers,146,10605,14878365,545017118,2596905584,NA
Adelaide 36ers v Melbourne United,Adelaide 36ers,Melbourne United,Player Points,Jesse Edwards,Melbourne United,19.5,6,NA,Sportsbet,Adelaide 36ers,146,10605,14878365,545017118,2596905582,NA
Adelaide 36ers v Melbourne United,Adelaide 36ers,Melbourne United,Player Points,Finn Delany,Melbourne United,19.5,7.5,NA,Sportsbet,Adelaide 36ers,146,10605,14878365,545017118,2596905581,NA
Adelaide 36ers v Melbourne United,Adelaide 36ers,Melbourne United,Player Points,Bryce Cotton,Adelaide 36ers,34.5,4.9,NA,Sportsbet,Melbourne United,146,10605,14878365,545017121,2596905622,NA
Adelaide 36ers v Melbourne United,Adelaide 36ers,Melbourne United,Player Points,Bryce Cotton,Adelaide 36ers,14.5,1.03,NA,Sportsbet,Melbourne United,146,10605,14878365,545017117,2596905574,NA
Adelaide 36ers v Melbourne United,Adelaide 36ers,Melbourne United,Player Points,Isaac Humphries,Adelaide 36ers,14.5,1.49,NA,Sportsbet,Melbourne United,146,10605,14878365,545017117,2596905577,NA
Adelaide 36ers v Melbourne United,Adelaide 36ers,Melbourne United,Player Points,Zylan Cheatham,Adelaide 36ers,14.5,1.69,NA,Sportsbet,Melbourne United,146,10605,14878365,545017117,2596905579,NA
Adelaide 36ers v Melbourne United,Adelaide 36ers,Melbourne United,Player Points,Dejan Vasiljevic,Adelaide 36ers,14.5,4.4,NA,Sportsbet,Melbourne United,146,10605,14878365,545017117,2596905575,NA
Adelaide 36ers v Melbourne United,Adelaide 36ers,Melbourne United,Player Points,Flynn Cameron,Adelaide 36ers,14.5,6.25,NA,Sportsbet,Melbourne United,146,10605,14878365,545017117,2596905576,NA
Adelaide 36ers v Melbourne United,Adelaide 36ers,Melbourne United,Player Points,Milton Doyle,Melbourne United,14.5,1.53,NA,Sportsbet,Adelaide 36ers,146,10605,14878365,545017117,2596905571,NA
Adelaide 36ers v Melbourne United,Adelaide 36ers,Melbourne United,Player Points,Chris Goulding,Melbourne United,14.5,2.08,NA,Sportsbet,Adelaide 36ers,146,10605,14878365,545017117,2596905568,NA
Adelaide 36ers v Melbourne United,Adelaide 36ers,Melbourne United,Player Points,Finn Delany,Melbourne United,14.5,2.95,NA,Sportsbet,Adelaide 36ers,146,10605,14878365,545017117,2596905569,NA
Adelaide 36ers v Melbourne United,Adelaide 36ers,Melbourne United,Player Points,Jesse Edwards,Melbourne United,14.5,2.6,NA,Sportsbet,Adelaide 36ers,146,10605,14878365,545017117,2596905570,NA
Adelaide 36ers v Melbourne United,Adelaide 36ers,Melbourne United,Player Points,Tyson Walker,Melbourne United,14.5,2.1,NA,Sportsbet,Adelaide 36ers,146,10605,14878365,545017117,2596905572,NA
Adelaide 36ers v Melbourne United,Adelaide 36ers,Melbourne United,Player Points,Tanner Krebs,Melbourne United,14.5,6,NA,Sportsbet,Adelaide 36ers,146,10605,14878365,545017117,2596905573,NA
Adelaide 36ers v Melbourne United,Adelaide 36ers,Melbourne United,Player Points,Dejan Vasiljevic,Adelaide 36ers,4.5,1.12,NA,Sportsbet,Melbourne United,146,10605,14878365,545017115,2596905551,NA
Adelaide 36ers v Melbourne United,Adelaide 36ers,Melbourne United,Player Points,Flynn Cameron,Adelaide 36ers,4.5,1.14,NA,Sportsbet,Melbourne United,146,10605,14878365,545017115,2596905552,NA
Adelaide 36ers v Melbourne United,Adelaide 36ers,Melbourne United,Player Points,Troy Brown Jr,NA,4.5,1.33,NA,Sportsbet,NA,146,10605,14878365,545017115,2596905554,NA
Adelaide 36ers v Melbourne United,Adelaide 36ers,Melbourne United,Player Points,Chris Goulding,Melbourne United,4.5,1.02,NA,Sportsbet,Adelaide 36ers,146,10605,14878365,545017115,2596905544,NA
Adelaide 36ers v Melbourne United,Adelaide 36ers,Melbourne United,Player Points,Finn Delany,Melbourne United,4.5,1.05,NA,Sportsbet,Adelaide 36ers,146,10605,14878365,545017115,2596905545,NA
Adelaide 36ers v Melbourne United,Adelaide 36ers,Melbourne United,Player Points,Jesse Edwards,Melbourne United,4.5,1.05,NA,Sportsbet,Adelaide 36ers,146,10605,14878365,545017115,2596905546,NA
Adelaide 36ers v Melbourne United,Adelaide 36ers,Melbourne United,Player Points,Tanner Krebs,Melbourne United,4.5,1.17,NA,Sportsbet,Adelaide 36ers,146,10605,14878365,545017115,2596905549,NA
Adelaide 36ers v Melbourne United,Adelaide 36ers,Melbourne United,Player Points,Tyson Walker,Melbourne United,4.5,1.02,NA,Sportsbet,Adelaide 36ers,146,10605,14878365,545017115,2596905548,NA
Perth Wildcats v Sydney Kings,Perth Wildcats,Sydney Kings,Player Points,David Duke Jr.,NA,9.5,1.15,NA,Sportsbet,NA,146,10605,14878366,545016817,2596904030,NA
Perth Wildcats v Sydney Kings,Perth Wildcats,Sydney Kings,Player Points,Dylan Windler,Perth Wildcats,9.5,1.22,NA,Sportsbet,Sydney Kings,146,10605,14878366,545016817,2596904029,NA
Perth Wildcats v Sydney Kings,Perth Wildcats,Sydney Kings,Player Points,Jo Lual-Acuil Jr,Perth Wildcats,9.5,1.04,NA,Sportsbet,Sydney Kings,146,10605,14878366,545016817,2596904027,NA
Perth Wildcats v Sydney Kings,Perth Wildcats,Sydney Kings,Player Points,Kristian Doolittle,Perth Wildcats,9.5,1.06,NA,Sportsbet,Sydney Kings,146,10605,14878366,545016817,2596904028,NA
Perth Wildcats v Sydney Kings,Perth Wildcats,Sydney Kings,Player Points,Elijah Pepper,Perth Wildcats,9.5,2.25,NA,Sportsbet,Sydney Kings,146,10605,14878366,545016817,2596904031,NA
Perth Wildcats v Sydney Kings,Perth Wildcats,Sydney Kings,Player Points,Ben Henshall,Perth Wildcats,9.5,3.5,NA,Sportsbet,Sydney Kings,146,10605,14878366,545016817,2596904032,NA
Perth Wildcats v Sydney Kings,Perth Wildcats,Sydney Kings,Player Points,Bul Kuol,Sydney Kings,9.5,1.87,NA,Sportsbet,Perth Wildcats,146,10605,14878366,545016817,2596904022,NA
Perth Wildcats v Sydney Kings,Perth Wildcats,Sydney Kings,Player Points,Jaylin Galloway,Sydney Kings,9.5,1.61,NA,Sportsbet,Perth Wildcats,146,10605,14878366,545016817,2596904021,NA
Perth Wildcats v Sydney Kings,Perth Wildcats,Sydney Kings,Player Points,Kouat Noi,Sydney Kings,9.5,1.6,NA,Sportsbet,Perth Wildcats,146,10605,14878366,545016817,2596931425,NA
Perth Wildcats v Sydney Kings,Perth Wildcats,Sydney Kings,Player Points,Tim Soares,Sydney Kings,9.5,1.96,NA,Sportsbet,Perth Wildcats,146,10605,14878366,545016817,2596904025,NA
Perth Wildcats v Sydney Kings,Perth Wildcats,Sydney Kings,Player Points,Xavier Cooks,Sydney Kings,9.5,1.26,NA,Sportsbet,Perth Wildcats,146,10605,14878366,545016817,2596904026,NA
Perth Wildcats v Sydney Kings,Perth Wildcats,Sydney Kings,Player Points,Jo Lual-Acuil Jr,Perth Wildcats,24.5,4,NA,Sportsbet,Sydney Kings,146,10605,14878366,545016820,2596904063,NA
Perth Wildcats v Sydney Kings,Perth Wildcats,Sydney Kings,Player Points,Kristian Doolittle,Perth Wildcats,24.5,5.8,NA,Sportsbet,Sydney Kings,146,10605,14878366,545016820,2596904064,NA
Perth Wildcats v Sydney Kings,Perth Wildcats,Sydney Kings,Player Points,David Duke Jr.,NA,24.5,11,NA,Sportsbet,NA,146,10605,14878366,545016820,2596904066,NA
Perth Wildcats v Sydney Kings,Perth Wildcats,Sydney Kings,Player Points,Dylan Windler,Perth Wildcats,24.5,12.5,NA,Sportsbet,Sydney Kings,146,10605,14878366,545016820,2596904065,NA
Perth Wildcats v Sydney Kings,Perth Wildcats,Sydney Kings,Player Points,Kendric Davis,Sydney Kings,24.5,2.5,NA,Sportsbet,Perth Wildcats,146,10605,14878366,545016820,2596904059,NA
Perth Wildcats v Sydney Kings,Perth Wildcats,Sydney Kings,Player Points,Xavier Cooks,Sydney Kings,24.5,12.5,NA,Sportsbet,Perth Wildcats,146,10605,14878366,545016820,2596904062,NA
Perth Wildcats v Sydney Kings,Perth Wildcats,Sydney Kings,Player Points,Jo Lual-Acuil Jr,Perth Wildcats,29.5,9,NA,Sportsbet,Sydney Kings,146,10605,14878366,545016821,2596904075,NA
Perth Wildcats v Sydney Kings,Perth Wildcats,Sydney Kings,Player Points,Kendric Davis,Sydney Kings,29.5,4.9,NA,Sportsbet,Perth Wildcats,146,10605,14878366,545016821,2596904071,NA
Perth Wildcats v Sydney Kings,Perth Wildcats,Sydney Kings,Player Points,Kendric Davis,Sydney Kings,34.5,11,NA,Sportsbet,Perth Wildcats,146,10605,14878366,545016822,2596904083,NA
Perth Wildcats v Sydney Kings,Perth Wildcats,Sydney Kings,Player Points,Jo Lual-Acuil Jr,Perth Wildcats,19.5,2.05,NA,Sportsbet,Sydney Kings,146,10605,14878366,545016819,2596904051,NA
Perth Wildcats v Sydney Kings,Perth Wildcats,Sydney Kings,Player Points,Kristian Doolittle,Perth Wildcats,19.5,2.55,NA,Sportsbet,Sydney Kings,146,10605,14878366,545016819,2596904052,NA
Perth Wildcats v Sydney Kings,Perth Wildcats,Sydney Kings,Player Points,David Duke Jr.,NA,19.5,4,NA,Sportsbet,NA,146,10605,14878366,545016819,2596904054,NA
Perth Wildcats v Sydney Kings,Perth Wildcats,Sydney Kings,Player Points,Dylan Windler,Perth Wildcats,19.5,4.6,NA,Sportsbet,Sydney Kings,146,10605,14878366,545016819,2596904053,NA
Perth Wildcats v Sydney Kings,Perth Wildcats,Sydney Kings,Player Points,Kendric Davis,Sydney Kings,19.5,1.52,NA,Sportsbet,Perth Wildcats,146,10605,14878366,545016819,2596904047,NA
Perth Wildcats v Sydney Kings,Perth Wildcats,Sydney Kings,Player Points,Xavier Cooks,Sydney Kings,19.5,4.6,NA,Sportsbet,Perth Wildcats,146,10605,14878366,545016819,2596904050,NA
Perth Wildcats v Sydney Kings,Perth Wildcats,Sydney Kings,Player Points,Jaylin Galloway,Sydney Kings,19.5,8,NA,Sportsbet,Perth Wildcats,146,10605,14878366,545016819,2596904045,NA
Perth Wildcats v Sydney Kings,Perth Wildcats,Sydney Kings,Player Points,Kouat Noi,Sydney Kings,19.5,8.5,NA,Sportsbet,Perth Wildcats,146,10605,14878366,545016819,2596931427,NA
Perth Wildcats v Sydney Kings,Perth Wildcats,Sydney Kings,Player Points,David Duke Jr.,NA,14.5,1.87,NA,Sportsbet,NA,146,10605,14878366,545016818,2596904042,NA
Perth Wildcats v Sydney Kings,Perth Wildcats,Sydney Kings,Player Points,Jo Lual-Acuil Jr,Perth Wildcats,14.5,1.3,NA,Sportsbet,Sydney Kings,146,10605,14878366,545016818,2596904039,NA
Perth Wildcats v Sydney Kings,Perth Wildcats,Sydney Kings,Player Points,Kristian Doolittle,Perth Wildcats,14.5,1.41,NA,Sportsbet,Sydney Kings,146,10605,14878366,545016818,2596904040,NA
Perth Wildcats v Sydney Kings,Perth Wildcats,Sydney Kings,Player Points,Dylan Windler,Perth Wildcats,14.5,2.05,NA,Sportsbet,Sydney Kings,146,10605,14878366,545016818,2596904041,NA
Perth Wildcats v Sydney Kings,Perth Wildcats,Sydney Kings,Player Points,Elijah Pepper,Perth Wildcats,14.5,6.25,NA,Sportsbet,Sydney Kings,146,10605,14878366,545016818,2596904043,NA
Perth Wildcats v Sydney Kings,Perth Wildcats,Sydney Kings,Player Points,Kendric Davis,Sydney Kings,14.5,1.11,NA,Sportsbet,Perth Wildcats,146,10605,14878366,545016818,2596904035,NA
Perth Wildcats v Sydney Kings,Perth Wildcats,Sydney Kings,Player Points,Xavier Cooks,Sydney Kings,14.5,2.15,NA,Sportsbet,Perth Wildcats,146,10605,14878366,545016818,2596904038,NA
Perth Wildcats v Sydney Kings,Perth Wildcats,Sydney Kings,Player Points,Jaylin Galloway,Sydney Kings,14.5,3.25,NA,Sportsbet,Perth Wildcats,146,10605,14878366,545016818,2596904033,NA
Perth Wildcats v Sydney Kings,Perth Wildcats,Sydney Kings,Player Points,Kouat Noi,Sydney Kings,14.5,3.35,NA,Sportsbet,Perth Wildcats,146,10605,14878366,545016818,2596931426,NA
Perth Wildcats v Sydney Kings,Perth Wildcats,Sydney Kings,Player Points,Bul Kuol,Sydney Kings,14.5,4.4,NA,Sportsbet,Perth Wildcats,146,10605,14878366,545016818,2596904034,NA
Perth Wildcats v Sydney Kings,Perth Wildcats,Sydney Kings,Player Points,Tim Soares,Sydney Kings,14.5,4.9,NA,Sportsbet,Perth Wildcats,146,10605,14878366,545016818,2596904037,NA
Perth Wildcats v Sydney Kings,Perth Wildcats,Sydney Kings,Player Points,Ben Henshall,Perth Wildcats,4.5,1.4,NA,Sportsbet,Sydney Kings,146,10605,14878366,545016816,2596904020,NA
Perth Wildcats v Sydney Kings,Perth Wildcats,Sydney Kings,Player Points,Dylan Windler,Perth Wildcats,4.5,1.02,NA,Sportsbet,Sydney Kings,146,10605,14878366,545016816,2596904017,NA
Perth Wildcats v Sydney Kings,Perth Wildcats,Sydney Kings,Player Points,Elijah Pepper,Perth Wildcats,4.5,1.14,NA,Sportsbet,Sydney Kings,146,10605,14878366,545016816,2596904019,NA
Perth Wildcats v Sydney Kings,Perth Wildcats,Sydney Kings,Player Points,Bul Kuol,Sydney Kings,4.5,1.11,NA,Sportsbet,Perth Wildcats,146,10605,14878366,545016816,2596904010,NA
Perth Wildcats v Sydney Kings,Perth Wildcats,Sydney Kings,Player Points,Jaylin Galloway,Sydney Kings,4.5,1.07,NA,Sportsbet,Perth Wildcats,146,10605,14878366,545016816,2596904009,NA
Perth Wildcats v Sydney Kings,Perth Wildcats,Sydney Kings,Player Points,Kouat Noi,Sydney Kings,4.5,1.07,NA,Sportsbet,Perth Wildcats,146,10605,14878366,545016816,2596931424,NA
Perth Wildcats v Sydney Kings,Perth Wildcats,Sydney Kings,Player Points,Tim Soares,Sydney Kings,4.5,1.12,NA,Sportsbet,Perth Wildcats,146,10605,14878366,545016816,2596904013,NA
Perth Wildcats v Sydney Kings,Perth Wildcats,Sydney Kings,Player Points,Xavier Cooks,Sydney Kings,4.5,1.02,NA,Sportsbet,Perth Wildcats,146,10605,14878366,545016816,2596904014,NA
Cairns Taipans v Tasmania JackJumpers,Cairns Taipans,Tasmania JackJumpers,Player Points,Jack McVeigh,Cairns Taipans,19.5,1.69,NA,Sportsbet,Tasmania JackJumpers,146,10605,14878367,545421667,2599165424,NA
Cairns Taipans v Tasmania JackJumpers,Cairns Taipans,Tasmania JackJumpers,Player Points,Andrew Andrews,Cairns Taipans,19.5,2.95,NA,Sportsbet,Tasmania JackJumpers,146,10605,14878367,545421667,2599165423,NA
Cairns Taipans v Tasmania JackJumpers,Cairns Taipans,Tasmania JackJumpers,Player Points,Admiral Schofield,Cairns Taipans,19.5,7.75,NA,Sportsbet,Tasmania JackJumpers,146,10605,14878367,545421667,2599165422,NA
Cairns Taipans v Tasmania JackJumpers,Cairns Taipans,Tasmania JackJumpers,Player Points,Sam Waardenburg,Cairns Taipans,19.5,7.5,NA,Sportsbet,Tasmania JackJumpers,146,10605,14878367,545421667,2599165427,NA
Cairns Taipans v Tasmania JackJumpers,Cairns Taipans,Tasmania JackJumpers,Player Points,Kyrin Galloway,Cairns Taipans,19.5,9.75,NA,Sportsbet,Tasmania JackJumpers,146,10605,14878367,545421667,2599165425,NA
Cairns Taipans v Tasmania JackJumpers,Cairns Taipans,Tasmania JackJumpers,Player Points,Mojave King,Cairns Taipans,19.5,10,NA,Sportsbet,Tasmania JackJumpers,146,10605,14878367,545421667,2599165426,NA
Cairns Taipans v Tasmania JackJumpers,Cairns Taipans,Tasmania JackJumpers,Player Points,Bryce Hamilton,Tasmania JackJumpers,19.5,1.9,NA,Sportsbet,Cairns Taipans,146,10605,14878367,545421667,2599165417,NA
Cairns Taipans v Tasmania JackJumpers,Cairns Taipans,Tasmania JackJumpers,Player Points,Josh Bannan,Tasmania JackJumpers,19.5,3.9,NA,Sportsbet,Cairns Taipans,146,10605,14878367,545421667,2599165418,NA
Cairns Taipans v Tasmania JackJumpers,Cairns Taipans,Tasmania JackJumpers,Player Points,Will Magnay,Tasmania JackJumpers,19.5,7.25,NA,Sportsbet,Cairns Taipans,146,10605,14878367,545421667,2599165419,NA
Cairns Taipans v Tasmania JackJumpers,Cairns Taipans,Tasmania JackJumpers,Player Points,Majok Deng,Tasmania JackJumpers,19.5,9.75,NA,Sportsbet,Cairns Taipans,146,10605,14878367,545421667,2599165421,NA
Cairns Taipans v Tasmania JackJumpers,Cairns Taipans,Tasmania JackJumpers,Player Points,Andrew Andrews,Cairns Taipans,14.5,1.62,NA,Sportsbet,Tasmania JackJumpers,146,10605,14878367,545421666,2599165411,NA
Cairns Taipans v Tasmania JackJumpers,Cairns Taipans,Tasmania JackJumpers,Player Points,Jack McVeigh,Cairns Taipans,14.5,1.18,NA,Sportsbet,Tasmania JackJumpers,146,10605,14878367,545421666,2599165412,NA
Cairns Taipans v Tasmania JackJumpers,Cairns Taipans,Tasmania JackJumpers,Player Points,Sam Waardenburg,Cairns Taipans,14.5,2.95,NA,Sportsbet,Tasmania JackJumpers,146,10605,14878367,545421666,2599165415,NA
Cairns Taipans v Tasmania JackJumpers,Cairns Taipans,Tasmania JackJumpers,Player Points,Admiral Schofield,Cairns Taipans,14.5,3.2,NA,Sportsbet,Tasmania JackJumpers,146,10605,14878367,545421666,2599165410,NA
Cairns Taipans v Tasmania JackJumpers,Cairns Taipans,Tasmania JackJumpers,Player Points,Kyrin Galloway,Cairns Taipans,14.5,3.5,NA,Sportsbet,Tasmania JackJumpers,146,10605,14878367,545421666,2599165413,NA
Cairns Taipans v Tasmania JackJumpers,Cairns Taipans,Tasmania JackJumpers,Player Points,Mojave King,Cairns Taipans,14.5,3.9,NA,Sportsbet,Tasmania JackJumpers,146,10605,14878367,545421666,2599165414,NA
Cairns Taipans v Tasmania JackJumpers,Cairns Taipans,Tasmania JackJumpers,Player Points,Bryce Hamilton,Tasmania JackJumpers,14.5,1.25,NA,Sportsbet,Cairns Taipans,146,10605,14878367,545421666,2599165405,NA
Cairns Taipans v Tasmania JackJumpers,Cairns Taipans,Tasmania JackJumpers,Player Points,Josh Bannan,Tasmania JackJumpers,14.5,1.94,NA,Sportsbet,Cairns Taipans,146,10605,14878367,545421666,2599165406,NA
Cairns Taipans v Tasmania JackJumpers,Cairns Taipans,Tasmania JackJumpers,Player Points,Majok Deng,Tasmania JackJumpers,14.5,3.6,NA,Sportsbet,Cairns Taipans,146,10605,14878367,545421666,2599165409,NA
Cairns Taipans v Tasmania JackJumpers,Cairns Taipans,Tasmania JackJumpers,Player Points,Will Magnay,Tasmania JackJumpers,14.5,3.05,NA,Sportsbet,Cairns Taipans,146,10605,14878367,545421666,2599165407,NA
Cairns Taipans v Tasmania JackJumpers,Cairns Taipans,Tasmania JackJumpers,Player Points,Nick Marshall,Tasmania JackJumpers,14.5,4.5,NA,Sportsbet,Cairns Taipans,146,10605,14878367,545421666,2599165408,NA
Cairns Taipans v Tasmania JackJumpers,Cairns Taipans,Tasmania JackJumpers,Player Points,Ben Ayre,Tasmania JackJumpers,14.5,5.4,NA,Sportsbet,Cairns Taipans,146,10605,14878367,545421666,2599165404,NA
Cairns Taipans v Tasmania JackJumpers,Cairns Taipans,Tasmania JackJumpers,Player Points,Jack McVeigh,Cairns Taipans,29.5,6.25,NA,Sportsbet,Tasmania JackJumpers,146,10605,14878367,545421669,2599165448,NA
Cairns Taipans v Tasmania JackJumpers,Cairns Taipans,Tasmania JackJumpers,Player Points,Bryce Hamilton,Tasmania JackJumpers,29.5,7.75,NA,Sportsbet,Cairns Taipans,146,10605,14878367,545421669,2599165441,NA
Cairns Taipans v Tasmania JackJumpers,Cairns Taipans,Tasmania JackJumpers,Player Points,Admiral Schofield,Cairns Taipans,9.5,1.63,NA,Sportsbet,Tasmania JackJumpers,146,10605,14878367,545421665,2599165398,NA
Cairns Taipans v Tasmania JackJumpers,Cairns Taipans,Tasmania JackJumpers,Player Points,Andrew Andrews,Cairns Taipans,9.5,1.11,NA,Sportsbet,Tasmania JackJumpers,146,10605,14878367,545421665,2599165399,NA
Cairns Taipans v Tasmania JackJumpers,Cairns Taipans,Tasmania JackJumpers,Player Points,Jack McVeigh,Cairns Taipans,9.5,1.02,NA,Sportsbet,Tasmania JackJumpers,146,10605,14878367,545421665,2599165400,NA
Cairns Taipans v Tasmania JackJumpers,Cairns Taipans,Tasmania JackJumpers,Player Points,Kyrin Galloway,Cairns Taipans,9.5,1.61,NA,Sportsbet,Tasmania JackJumpers,146,10605,14878367,545421665,2599165401,NA
Cairns Taipans v Tasmania JackJumpers,Cairns Taipans,Tasmania JackJumpers,Player Points,Mojave King,Cairns Taipans,9.5,1.83,NA,Sportsbet,Tasmania JackJumpers,146,10605,14878367,545421665,2599165402,NA
Cairns Taipans v Tasmania JackJumpers,Cairns Taipans,Tasmania JackJumpers,Player Points,Sam Waardenburg,Cairns Taipans,9.5,1.48,NA,Sportsbet,Tasmania JackJumpers,146,10605,14878367,545421665,2599165403,NA
Cairns Taipans v Tasmania JackJumpers,Cairns Taipans,Tasmania JackJumpers,Player Points,Bryce Hamilton,Tasmania JackJumpers,9.5,1.03,NA,Sportsbet,Cairns Taipans,146,10605,14878367,545421665,2599165393,NA
Cairns Taipans v Tasmania JackJumpers,Cairns Taipans,Tasmania JackJumpers,Player Points,Josh Bannan,Tasmania JackJumpers,9.5,1.21,NA,Sportsbet,Cairns Taipans,146,10605,14878367,545421665,2599165394,NA
Cairns Taipans v Tasmania JackJumpers,Cairns Taipans,Tasmania JackJumpers,Player Points,Majok Deng,Tasmania JackJumpers,9.5,1.71,NA,Sportsbet,Cairns Taipans,146,10605,14878367,545421665,2599165397,NA
Cairns Taipans v Tasmania JackJumpers,Cairns Taipans,Tasmania JackJumpers,Player Points,Nick Marshall,Tasmania JackJumpers,9.5,1.87,NA,Sportsbet,Cairns Taipans,146,10605,14878367,545421665,2599165396,NA
Cairns Taipans v Tasmania JackJumpers,Cairns Taipans,Tasmania JackJumpers,Player Points,Will Magnay,Tasmania JackJumpers,9.5,1.53,NA,Sportsbet,Cairns Taipans,146,10605,14878367,545421665,2599165395,NA
Cairns Taipans v Tasmania JackJumpers,Cairns Taipans,Tasmania JackJumpers,Player Points,Ben Ayre,Tasmania JackJumpers,9.5,2.15,NA,Sportsbet,Cairns Taipans,146,10605,14878367,545421665,2599165392,NA
Cairns Taipans v Tasmania JackJumpers,Cairns Taipans,Tasmania JackJumpers,Player Points,Jack McVeigh,Cairns Taipans,24.5,3.05,NA,Sportsbet,Tasmania JackJumpers,146,10605,14878367,545421668,2599165436,NA
Cairns Taipans v Tasmania JackJumpers,Cairns Taipans,Tasmania JackJumpers,Player Points,Andrew Andrews,Cairns Taipans,24.5,6.75,NA,Sportsbet,Tasmania JackJumpers,146,10605,14878367,545421668,2599165435,NA
Cairns Taipans v Tasmania JackJumpers,Cairns Taipans,Tasmania JackJumpers,Player Points,Bryce Hamilton,Tasmania JackJumpers,24.5,3.5,NA,Sportsbet,Cairns Taipans,146,10605,14878367,545421668,2599165429,NA
Cairns Taipans v Tasmania JackJumpers,Cairns Taipans,Tasmania JackJumpers,Player Points,Josh Bannan,Tasmania JackJumpers,24.5,9.75,NA,Sportsbet,Cairns Taipans,146,10605,14878367,545421668,2599165430,NA
Cairns Taipans v Tasmania JackJumpers,Cairns Taipans,Tasmania JackJumpers,Player Points,Admiral Schofield,Cairns Taipans,4.5,1.07,NA,Sportsbet,Tasmania JackJumpers,146,10605,14878367,545421664,2599165386,NA
Cairns Taipans v Tasmania JackJumpers,Cairns Taipans,Tasmania JackJumpers,Player Points,Kyrin Galloway,Cairns Taipans,4.5,1.06,NA,Sportsbet,Tasmania JackJumpers,146,10605,14878367,545421664,2599165389,NA
Cairns Taipans v Tasmania JackJumpers,Cairns Taipans,Tasmania JackJumpers,Player Points,Mojave King,Cairns Taipans,4.5,1.11,NA,Sportsbet,Tasmania JackJumpers,146,10605,14878367,545421664,2599165390,NA
Cairns Taipans v Tasmania JackJumpers,Cairns Taipans,Tasmania JackJumpers,Player Points,Sam Waardenburg,Cairns Taipans,4.5,1.05,NA,Sportsbet,Tasmania JackJumpers,146,10605,14878367,545421664,2599165391,NA
Cairns Taipans v Tasmania JackJumpers,Cairns Taipans,Tasmania JackJumpers,Player Points,Ben Ayre,Tasmania JackJumpers,4.5,1.17,NA,Sportsbet,Cairns Taipans,146,10605,14878367,545421664,2599165380,NA
Cairns Taipans v Tasmania JackJumpers,Cairns Taipans,Tasmania JackJumpers,Player Points,Josh Bannan,Tasmania JackJumpers,4.5,1.02,NA,Sportsbet,Cairns Taipans,146,10605,14878367,545421664,2599165382,NA
Cairns Taipans v Tasmania JackJumpers,Cairns Taipans,Tasmania JackJumpers,Player Points,Majok Deng,Tasmania JackJumpers,4.5,1.08,NA,Sportsbet,Cairns Taipans,146,10605,14878367,545421664,2599165385,NA
Cairns Taipans v Tasmania JackJumpers,Cairns Taipans,Tasmania JackJumpers,Player Points,Nick Marshall,Tasmania JackJumpers,4.5,1.11,NA,Sportsbet,Cairns Taipans,146,10605,14878367,545421664,2599165384,NA
Cairns Taipans v Tasmania JackJumpers,Cairns Taipans,Tasmania JackJumpers,Player Points,Will Magnay,Tasmania JackJumpers,4.5,1.05,NA,Sportsbet,Cairns Taipans,146,10605,14878367,545421664,2599165383,NA
South East Melbourne Phoenix v New Zealand Breakers,South East Melbourne Phoenix,New Zealand Breakers,Player Points,Nathan Sobey,South East Melbourne Phoenix,24.5,2.4,NA,Sportsbet,New Zealand Breakers,146,10605,14878369,545433903,2599227268,NA
South East Melbourne Phoenix v New Zealand Breakers,South East Melbourne Phoenix,New Zealand Breakers,Player Points,Wes Iwundu,South East Melbourne Phoenix,24.5,8.25,NA,Sportsbet,New Zealand Breakers,146,10605,14878369,545433903,2599227269,NA
South East Melbourne Phoenix v New Zealand Breakers,South East Melbourne Phoenix,New Zealand Breakers,Player Points,Angus Glover,South East Melbourne Phoenix,24.5,13,NA,Sportsbet,New Zealand Breakers,146,10605,14878369,545433903,2599227264,NA
South East Melbourne Phoenix v New Zealand Breakers,South East Melbourne Phoenix,New Zealand Breakers,Player Points,Parker Jackson-Cartwright,New Zealand Breakers,24.5,3.9,NA,Sportsbet,South East Melbourne Phoenix,146,10605,14878369,545433903,2599227261,NA
South East Melbourne Phoenix v New Zealand Breakers,South East Melbourne Phoenix,New Zealand Breakers,Player Points,Sam Mennenga,New Zealand Breakers,24.5,6,NA,Sportsbet,South East Melbourne Phoenix,146,10605,14878369,545433903,2599227263,NA
South East Melbourne Phoenix v New Zealand Breakers,South East Melbourne Phoenix,New Zealand Breakers,Player Points,Izaiah Brockington,New Zealand Breakers,24.5,7,NA,Sportsbet,South East Melbourne Phoenix,146,10605,14878369,545433903,2599227259,NA
South East Melbourne Phoenix v New Zealand Breakers,South East Melbourne Phoenix,New Zealand Breakers,Player Points,Nathan Sobey,South East Melbourne Phoenix,29.5,4.8,NA,Sportsbet,New Zealand Breakers,146,10605,14878369,545433904,2599227279,NA
South East Melbourne Phoenix v New Zealand Breakers,South East Melbourne Phoenix,New Zealand Breakers,Player Points,Parker Jackson-Cartwright,New Zealand Breakers,29.5,8.75,NA,Sportsbet,South East Melbourne Phoenix,146,10605,14878369,545433904,2599227272,NA
South East Melbourne Phoenix v New Zealand Breakers,South East Melbourne Phoenix,New Zealand Breakers,Player Points,Angus Glover,South East Melbourne Phoenix,9.5,1.3,NA,Sportsbet,New Zealand Breakers,146,10605,14878369,545433900,2599227231,NA
South East Melbourne Phoenix v New Zealand Breakers,South East Melbourne Phoenix,New Zealand Breakers,Player Points,Hunter Maldonado,South East Melbourne Phoenix,9.5,1.94,NA,Sportsbet,New Zealand Breakers,146,10605,14878369,545433900,2599227232,NA
South East Melbourne Phoenix v New Zealand Breakers,South East Melbourne Phoenix,New Zealand Breakers,Player Points,John Brown III,South East Melbourne Phoenix,9.5,1.29,NA,Sportsbet,New Zealand Breakers,146,10605,14878369,545433900,2599227233,NA
South East Melbourne Phoenix v New Zealand Breakers,South East Melbourne Phoenix,New Zealand Breakers,Player Points,Jordan Hunter,South East Melbourne Phoenix,9.5,1.45,NA,Sportsbet,New Zealand Breakers,146,10605,14878369,545433900,2599227234,NA
South East Melbourne Phoenix v New Zealand Breakers,South East Melbourne Phoenix,New Zealand Breakers,Player Points,Wes Iwundu,South East Melbourne Phoenix,9.5,1.16,NA,Sportsbet,New Zealand Breakers,146,10605,14878369,545433900,2599227236,NA
South East Melbourne Phoenix v New Zealand Breakers,South East Melbourne Phoenix,New Zealand Breakers,Player Points,Izaiah Brockington,New Zealand Breakers,9.5,1.11,NA,Sportsbet,South East Melbourne Phoenix,146,10605,14878369,545433900,2599227226,NA
South East Melbourne Phoenix v New Zealand Breakers,South East Melbourne Phoenix,New Zealand Breakers,Player Points,Karim L贸pez,New Zealand Breakers,9.5,1.4,NA,Sportsbet,South East Melbourne Phoenix,146,10605,14878369,545433900,2599227227,NA
South East Melbourne Phoenix v New Zealand Breakers,South East Melbourne Phoenix,New Zealand Breakers,Player Points,Parker Jackson-Cartwright,New Zealand Breakers,9.5,1.05,NA,Sportsbet,South East Melbourne Phoenix,146,10605,14878369,545433900,2599227228,NA
South East Melbourne Phoenix v New Zealand Breakers,South East Melbourne Phoenix,New Zealand Breakers,Player Points,Rob Baker II,New Zealand Breakers,9.5,1.39,NA,Sportsbet,South East Melbourne Phoenix,146,10605,14878369,545433900,2599227229,NA
South East Melbourne Phoenix v New Zealand Breakers,South East Melbourne Phoenix,New Zealand Breakers,Player Points,Sam Mennenga,New Zealand Breakers,9.5,1.09,NA,Sportsbet,South East Melbourne Phoenix,146,10605,14878369,545433900,2599227230,NA
South East Melbourne Phoenix v New Zealand Breakers,South East Melbourne Phoenix,New Zealand Breakers,Player Points,Nathan Sobey,South East Melbourne Phoenix,34.5,10.5,NA,Sportsbet,New Zealand Breakers,146,10605,14878369,545433905,2599227290,NA
South East Melbourne Phoenix v New Zealand Breakers,South East Melbourne Phoenix,New Zealand Breakers,Player Points,Nathan Sobey,South East Melbourne Phoenix,14.5,1.12,NA,Sportsbet,New Zealand Breakers,146,10605,14878369,545433901,2599227246,NA
South East Melbourne Phoenix v New Zealand Breakers,South East Melbourne Phoenix,New Zealand Breakers,Player Points,Wes Iwundu,South East Melbourne Phoenix,14.5,1.78,NA,Sportsbet,New Zealand Breakers,146,10605,14878369,545433901,2599227247,NA
South East Melbourne Phoenix v New Zealand Breakers,South East Melbourne Phoenix,New Zealand Breakers,Player Points,Angus Glover,South East Melbourne Phoenix,14.5,2.2,NA,Sportsbet,New Zealand Breakers,146,10605,14878369,545433901,2599227242,NA
South East Melbourne Phoenix v New Zealand Breakers,South East Melbourne Phoenix,New Zealand Breakers,Player Points,John Brown III,South East Melbourne Phoenix,14.5,2.3,NA,Sportsbet,New Zealand Breakers,146,10605,14878369,545433901,2599227244,NA
South East Melbourne Phoenix v New Zealand Breakers,South East Melbourne Phoenix,New Zealand Breakers,Player Points,Jordan Hunter,South East Melbourne Phoenix,14.5,2.7,NA,Sportsbet,New Zealand Breakers,146,10605,14878369,545433901,2599227245,NA
South East Melbourne Phoenix v New Zealand Breakers,South East Melbourne Phoenix,New Zealand Breakers,Player Points,Hunter Maldonado,South East Melbourne Phoenix,14.5,4.8,NA,Sportsbet,New Zealand Breakers,146,10605,14878369,545433901,2599227243,NA
South East Melbourne Phoenix v New Zealand Breakers,South East Melbourne Phoenix,New Zealand Breakers,Player Points,Izaiah Brockington,New Zealand Breakers,14.5,1.63,NA,Sportsbet,South East Melbourne Phoenix,146,10605,14878369,545433901,2599227237,NA
South East Melbourne Phoenix v New Zealand Breakers,South East Melbourne Phoenix,New Zealand Breakers,Player Points,Parker Jackson-Cartwright,New Zealand Breakers,14.5,1.31,NA,Sportsbet,South East Melbourne Phoenix,146,10605,14878369,545433901,2599227239,NA
South East Melbourne Phoenix v New Zealand Breakers,South East Melbourne Phoenix,New Zealand Breakers,Player Points,Sam Mennenga,New Zealand Breakers,14.5,1.56,NA,Sportsbet,South East Melbourne Phoenix,146,10605,14878369,545433901,2599227241,NA
South East Melbourne Phoenix v New Zealand Breakers,South East Melbourne Phoenix,New Zealand Breakers,Player Points,Karim L贸pez,New Zealand Breakers,14.5,2.55,NA,Sportsbet,South East Melbourne Phoenix,146,10605,14878369,545433901,2599227238,NA
South East Melbourne Phoenix v New Zealand Breakers,South East Melbourne Phoenix,New Zealand Breakers,Player Points,Rob Baker II,New Zealand Breakers,14.5,2.55,NA,Sportsbet,South East Melbourne Phoenix,146,10605,14878369,545433901,2599227240,NA
South East Melbourne Phoenix v New Zealand Breakers,South East Melbourne Phoenix,New Zealand Breakers,Player Points,Nathan Sobey,South East Melbourne Phoenix,19.5,1.5,NA,Sportsbet,New Zealand Breakers,146,10605,14878369,545433902,2599227257,NA
South East Melbourne Phoenix v New Zealand Breakers,South East Melbourne Phoenix,New Zealand Breakers,Player Points,Wes Iwundu,South East Melbourne Phoenix,19.5,3.5,NA,Sportsbet,New Zealand Breakers,146,10605,14878369,545433902,2599227258,NA
South East Melbourne Phoenix v New Zealand Breakers,South East Melbourne Phoenix,New Zealand Breakers,Player Points,Angus Glover,South East Melbourne Phoenix,19.5,4.9,NA,Sportsbet,New Zealand Breakers,146,10605,14878369,545433902,2599227253,NA
South East Melbourne Phoenix v New Zealand Breakers,South East Melbourne Phoenix,New Zealand Breakers,Player Points,John Brown III,South East Melbourne Phoenix,19.5,5.5,NA,Sportsbet,New Zealand Breakers,146,10605,14878369,545433902,2599227255,NA
South East Melbourne Phoenix v New Zealand Breakers,South East Melbourne Phoenix,New Zealand Breakers,Player Points,Jordan Hunter,South East Melbourne Phoenix,19.5,6.25,NA,Sportsbet,New Zealand Breakers,146,10605,14878369,545433902,2599227256,NA
South East Melbourne Phoenix v New Zealand Breakers,South East Melbourne Phoenix,New Zealand Breakers,Player Points,Parker Jackson-Cartwright,New Zealand Breakers,19.5,2.05,NA,Sportsbet,South East Melbourne Phoenix,146,10605,14878369,545433902,2599227250,NA
South East Melbourne Phoenix v New Zealand Breakers,South East Melbourne Phoenix,New Zealand Breakers,Player Points,Sam Mennenga,New Zealand Breakers,19.5,2.85,NA,Sportsbet,South East Melbourne Phoenix,146,10605,14878369,545433902,2599227252,NA
South East Melbourne Phoenix v New Zealand Breakers,South East Melbourne Phoenix,New Zealand Breakers,Player Points,Izaiah Brockington,New Zealand Breakers,19.5,3.1,NA,Sportsbet,South East Melbourne Phoenix,146,10605,14878369,545433902,2599227248,NA
South East Melbourne Phoenix v New Zealand Breakers,South East Melbourne Phoenix,New Zealand Breakers,Player Points,Rob Baker II,New Zealand Breakers,19.5,5.9,NA,Sportsbet,South East Melbourne Phoenix,146,10605,14878369,545433902,2599227251,NA
South East Melbourne Phoenix v New Zealand Breakers,South East Melbourne Phoenix,New Zealand Breakers,Player Points,Karim L贸pez,New Zealand Breakers,19.5,6,NA,Sportsbet,South East Melbourne Phoenix,146,10605,14878369,545433902,2599227249,NA
South East Melbourne Phoenix v New Zealand Breakers,South East Melbourne Phoenix,New Zealand Breakers,Player Points,Angus Glover,South East Melbourne Phoenix,4.5,1.03,NA,Sportsbet,New Zealand Breakers,146,10605,14878369,545433899,2599227220,NA
South East Melbourne Phoenix v New Zealand Breakers,South East Melbourne Phoenix,New Zealand Breakers,Player Points,Hunter Maldonado,South East Melbourne Phoenix,4.5,1.11,NA,Sportsbet,New Zealand Breakers,146,10605,14878369,545433899,2599227221,NA
South East Melbourne Phoenix v New Zealand Breakers,South East Melbourne Phoenix,New Zealand Breakers,Player Points,John Brown III,South East Melbourne Phoenix,4.5,1.02,NA,Sportsbet,New Zealand Breakers,146,10605,14878369,545433899,2599227222,NA
South East Melbourne Phoenix v New Zealand Breakers,South East Melbourne Phoenix,New Zealand Breakers,Player Points,Jordan Hunter,South East Melbourne Phoenix,4.5,1.04,NA,Sportsbet,New Zealand Breakers,146,10605,14878369,545433899,2599227223,NA
South East Melbourne Phoenix v New Zealand Breakers,South East Melbourne Phoenix,New Zealand Breakers,Player Points,Karim L贸pez,New Zealand Breakers,4.5,1.04,NA,Sportsbet,South East Melbourne Phoenix,146,10605,14878369,545433899,2599227216,NA
South East Melbourne Phoenix v New Zealand Breakers,South East Melbourne Phoenix,New Zealand Breakers,Player Points,Rob Baker II,New Zealand Breakers,4.5,1.03,NA,Sportsbet,South East Melbourne Phoenix,146,10605,14878369,545433899,2599227218,NA
Illawarra Hawks v Brisbane Bullets,Illawarra Hawks,Brisbane Bullets,Player Points,Alex Ducas,Brisbane Bullets,8.5,1.78,1.96,Sportsbet,Illawarra Hawks,146,10605,14878364,544856160,2596082026,2596082027
Illawarra Hawks v Brisbane Bullets,Illawarra Hawks,Brisbane Bullets,Player Points,Mason Peatling,Illawarra Hawks,6.5,1.92,1.81,Sportsbet,Brisbane Bullets,146,10605,14878364,544856156,2596082018,2596082019
Illawarra Hawks v Brisbane Bullets,Illawarra Hawks,Brisbane Bullets,Player Points,Tyrell Harrison,Brisbane Bullets,15.5,1.82,1.91,Sportsbet,Illawarra Hawks,146,10605,14878364,544856157,2596082020,2596082021
Illawarra Hawks v Brisbane Bullets,Illawarra Hawks,Brisbane Bullets,Player Points,Tyler Harvey,Illawarra Hawks,16.5,1.96,1.78,Sportsbet,Brisbane Bullets,146,10605,14878364,544856152,2596082010,2596082011
Illawarra Hawks v Brisbane Bullets,Illawarra Hawks,Brisbane Bullets,Player Points,Wani Swaka Lo Buluk,Illawarra Hawks,6.5,1.78,1.95,Sportsbet,Brisbane Bullets,146,10605,14878364,544856155,2596082016,2596082017
Illawarra Hawks v Brisbane Bullets,Illawarra Hawks,Brisbane Bullets,Player Points,Dakota Mathias,Brisbane Bullets,11.5,1.98,1.76,Sportsbet,Illawarra Hawks,146,10605,14878364,544856159,2596082024,2596082025
Illawarra Hawks v Brisbane Bullets,Illawarra Hawks,Brisbane Bullets,Player Points,Javale McGee,NA,21.5,1.83,1.89,Sportsbet,NA,146,10605,14878364,544856151,2596082008,2596082009
Illawarra Hawks v Brisbane Bullets,Illawarra Hawks,Brisbane Bullets,Player Points,William Hickey,Illawarra Hawks,15.5,1.8,1.94,Sportsbet,Brisbane Bullets,146,10605,14878364,544856154,2596082014,2596082015
Illawarra Hawks v Brisbane Bullets,Illawarra Hawks,Brisbane Bullets,Player Points,Mitchell Norton,Brisbane Bullets,6.5,1.8,1.94,Sportsbet,Illawarra Hawks,146,10605,14878364,544856161,2596082028,2596082029
Illawarra Hawks v Brisbane Bullets,Illawarra Hawks,Brisbane Bullets,Player Points,Terry Taylor,NA,11.5,1.85,1.88,Sportsbet,NA,146,10605,14878364,544856158,2596082022,2596082023
Illawarra Hawks v Brisbane Bullets,Illawarra Hawks,Brisbane Bullets,Player Points,Quentin Peterson,NA,16.5,1.95,1.79,Sportsbet,NA,146,10605,14878364,544856153,2596082012,2596082013
Illawarra Hawks v Brisbane Bullets,Illawarra Hawks,Brisbane Bullets,Player Points,Javon Freeman-Liberty,NA,17.5,1.85,1.88,Sportsbet,NA,146,10605,14878364,545296876,2598477384,2598477385
